Origin_airport,Destination_airport,Origin_city,Destination_city,Passengers,Seats,Flights,Distance,Fly_date,Origin_population,Destination_population,Org_airport_lat,Org_airport_long,Dest_airport_lat,Dest_airport_long
SLC,RNO,Salt Lake City UT,Reno NV,5643,8700,58,422,12/1/1998,906185,315959,40.78839874,-111.9779968,39.49909973,-119.7679977
COS,RNO,Colorado Springs CO,Reno NV,3792,7140,51,809,3/1/1998,510597,315959,38.80580139,-104.7009964,39.49909973,-119.7679977
COS,RNO,Colorado Springs CO,Reno NV,795,1638,14,809,5/1/1998,510597,315959,38.80580139,-104.7009964,39.49909973,-119.7679977
COS,RNO,Colorado Springs CO,Reno NV,1068,2380,17,809,5/1/1998,510597,315959,38.80580139,-104.7009964,39.49909973,-119.7679977
COS,RNO,Colorado Springs CO,Reno NV,279,585,5,809,1/1/1998,510597,315959,38.80580139,-104.7009964,39.49909973,-119.7679977
COS,RNO,Colorado Springs CO,Reno NV,117,117,1,809,2/1/1998,510597,315959,38.80580139,-104.7009964,39.49909973,-119.7679977
COS,RNO,Colorado Springs CO,Reno NV,4224,6720,48,809,2/1/1998,510597,315959,38.80580139,-104.7009964,39.49909973,-119.7679977
COS,RNO,Colorado Springs CO,Reno NV,148,148,1,809,2/1/1998,510597,315959,38.80580139,-104.7009964,39.49909973,-119.7679977
COS,RNO,Colorado Springs CO,Reno NV,889,1820,13,809,4/1/1998,510597,315959,38.80580139,-104.7009964,39.49909973,-119.7679977
COS,RNO,Colorado Springs CO,Reno NV,2539,6020,43,809,1/1/1998,510597,315959,38.80580139,-104.7009964,39.49909973,-119.7679977
COS,RNO,Colorado Springs CO,Reno NV,992,1872,16,809,4/1/1998,510597,315959,38.80580139,-104.7009964,39.49909973,-119.7679977
COS,RNO,Colorado Springs CO,Reno NV,693,1400,10,809,6/1/1998,510597,315959,38.80580139,-104.7009964,39.49909973,-119.7679977
COS,RNO,Colorado Springs CO,Reno NV,182,234,2,809,3/1/1998,510597,315959,38.80580139,-104.7009964,39.49909973,-119.7679977
LAX,RNO,Los Angeles CA,Reno NV,132,244,2,390,5/1/1998,23895178,315959,33.94250107,-118.4079971,39.49909973,-119.7679977
MSP,RNO,Minneapolis MN,Reno NV,3391,3874,26,1406,4/1/1998,2830434,315959,44.88199997,-93.22180176,39.49909973,-119.7679977
MSP,RNO,Minneapolis MN,Reno NV,2327,3600,24,1406,2/1/1998,2830434,315959,44.88199997,-93.22180176,39.49909973,-119.7679977
LAX,RNO,Los Angeles CA,Reno NV,1754,2664,18,390,2/1/1998,23895178,315959,33.94250107,-118.4079971,39.49909973,-119.7679977
LAX,RNO,Los Angeles CA,Reno NV,146,244,2,390,1/1/1998,23895178,315959,33.94250107,-118.4079971,39.49909973,-119.7679977
LAX,RNO,Los Angeles CA,Reno NV,8560,12600,90,390,2/1/1998,23895178,315959,33.94250107,-118.4079971,39.49909973,-119.7679977
LAX,RNO,Los Angeles CA,Reno NV,9238,14280,102,390,1/1/1998,23895178,315959,33.94250107,-118.4079971,39.49909973,-119.7679977
FSD,RNO,Sioux Falls SD,Reno NV,139,149,1,1222,5/1/1998,175077,315959,43.58200073,-96.74189758,39.49909973,-119.7679977
LAX,RNO,Los Angeles CA,Reno NV,1694,3404,23,390,11/1/1998,23895178,315959,33.94250107,-118.4079971,39.49909973,-119.7679977
FSD,RNO,Sioux Falls SD,Reno NV,149,149,1,1222,6/1/1998,175077,315959,43.58200073,-96.74189758,39.49909973,-119.7679977
MSP,RNO,Minneapolis MN,Reno NV,4557,6109,41,1406,12/1/1998,2830434,315959,44.88199997,-93.22180176,39.49909973,-119.7679977
MSP,RNO,Minneapolis MN,Reno NV,1413,3000,20,1406,12/1/1998,2830434,315959,44.88199997,-93.22180176,39.49909973,-119.7679977
LAX,RNO,Los Angeles CA,Reno NV,0,116,1,390,5/1/1998,23895178,315959,33.94250107,-118.4079971,39.49909973,-119.7679977
LAX,RNO,Los Angeles CA,Reno NV,12513,21560,154,390,6/1/1998,23895178,315959,33.94250107,-118.4079971,39.49909973,-119.7679977
LAX,RNO,Los Angeles CA,Reno NV,13055,19880,142,390,7/1/1998,23895178,315959,33.94250107,-118.4079971,39.49909973,-119.7679977
MSP,RNO,Minneapolis MN,Reno NV,2943,4023,27,1406,1/1/1998,2830434,315959,44.88199997,-93.22180176,39.49909973,-119.7679977
LAX,RNO,Los Angeles CA,Reno NV,4324,5733,49,390,1/1/1998,23895178,315959,33.94250107,-118.4079971,39.49909973,-119.7679977
LAX,RNO,Los Angeles CA,Reno NV,643,1036,7,390,5/1/1998,23895178,315959,33.94250107,-118.4079971,39.49909973,-119.7679977
MSP,RNO,Minneapolis MN,Reno NV,2133,4050,27,1406,5/1/1998,2830434,315959,44.88199997,-93.22180176,39.49909973,-119.7679977
LAX,RNO,Los Angeles CA,Reno NV,1143,1952,16,390,9/1/1998,23895178,315959,33.94250107,-118.4079971,39.49909973,-119.7679977
LAX,RNO,Los Angeles CA,Reno NV,4676,10001,73,390,9/1/1998,23895178,315959,33.94250107,-118.4079971,39.49909973,-119.7679977
MSP,RNO,Minneapolis MN,Reno NV,3998,5066,34,1406,5/1/1998,2830434,315959,44.88199997,-93.22180176,39.49909973,-119.7679977
LAX,RNO,Los Angeles CA,Reno NV,8021,13300,95,390,9/1/1998,23895178,315959,33.94250107,-118.4079971,39.49909973,-119.7679977
LAX,RNO,Los Angeles CA,Reno NV,4164,6201,53,390,9/1/1998,23895178,315959,33.94250107,-118.4079971,39.49909973,-119.7679977
LAX,RNO,Los Angeles CA,Reno NV,2571,4736,32,390,9/1/1998,23895178,315959,33.94250107,-118.4079971,39.49909973,-119.7679977
LAX,RNO,Los Angeles CA,Reno NV,5624,9590,70,390,12/1/1998,23895178,315959,33.94250107,-118.4079971,39.49909973,-119.7679977
LAX,RNO,Los Angeles CA,Reno NV,625,888,6,390,6/1/1998,23895178,315959,33.94250107,-118.4079971,39.49909973,-119.7679977
LAX,RNO,Los Angeles CA,Reno NV,1847,2928,24,390,12/1/1998,23895178,315959,33.94250107,-118.4079971,39.49909973,-119.7679977
LAX,RNO,Los Angeles CA,Reno NV,2264,3996,27,390,12/1/1998,23895178,315959,33.94250107,-118.4079971,39.49909973,-119.7679977
LAX,RNO,Los Angeles CA,Reno NV,13123,24780,177,390,5/1/1998,23895178,315959,33.94250107,-118.4079971,39.49909973,-119.7679977
LAX,RNO,Los Angeles CA,Reno NV,1709,2664,18,390,1/1/1998,23895178,315959,33.94250107,-118.4079971,39.49909973,-119.7679977
LAX,RNO,Los Angeles CA,Reno NV,6068,11645,85,390,5/1/1998,23895178,315959,33.94250107,-118.4079971,39.49909973,-119.7679977
LAX,RNO,Los Angeles CA,Reno NV,2656,3510,30,390,12/1/1998,23895178,315959,33.94250107,-118.4079971,39.49909973,-119.7679977
LAX,RNO,Los Angeles CA,Reno NV,52,140,1,390,1/1/1998,23895178,315959,33.94250107,-118.4079971,39.49909973,-119.7679977
LAX,RNO,Los Angeles CA,Reno NV,10043,15540,111,390,12/1/1998,23895178,315959,33.94250107,-118.4079971,39.49909973,-119.7679977
LAX,RNO,Los Angeles CA,Reno NV,13448,22960,164,390,4/1/1998,23895178,315959,33.94250107,-118.4079971,39.49909973,-119.7679977
LAX,RNO,Los Angeles CA,Reno NV,466,702,6,390,5/1/1998,23895178,315959,33.94250107,-118.4079971,39.49909973,-119.7679977
LAX,RNO,Los Angeles CA,Reno NV,2121,3042,26,390,11/1/1998,23895178,315959,33.94250107,-118.4079971,39.49909973,-119.7679977
LAX,RNO,Los Angeles CA,Reno NV,3007,4446,38,390,6/1/1998,23895178,315959,33.94250107,-118.4079971,39.49909973,-119.7679977
LAX,RNO,Los Angeles CA,Reno NV,8468,14280,102,390,11/1/1998,23895178,315959,33.94250107,-118.4079971,39.49909973,-119.7679977
LAX,RNO,Los Angeles CA,Reno NV,447,447,3,390,7/1/1998,23895178,315959,33.94250107,-118.4079971,39.49909973,-119.7679977
LAX,RNO,Los Angeles CA,Reno NV,638,1184,8,390,4/1/1998,23895178,315959,33.94250107,-118.4079971,39.49909973,-119.7679977
LAX,RNO,Los Angeles CA,Reno NV,6635,11782,86,390,4/1/1998,23895178,315959,33.94250107,-118.4079971,39.49909973,-119.7679977
LAX,RNO,Los Angeles CA,Reno NV,1074,1404,12,390,4/1/1998,23895178,315959,33.94250107,-118.4079971,39.49909973,-119.7679977
LAX,RNO,Los Angeles CA,Reno NV,4541,9316,68,390,11/1/1998,23895178,315959,33.94250107,-118.4079971,39.49909973,-119.7679977
LAX,RNO,Los Angeles CA,Reno NV,6776,12193,89,390,6/1/1998,23895178,315959,33.94250107,-118.4079971,39.49909973,-119.7679977
LAX,RNO,Los Angeles CA,Reno NV,3956,4797,41,390,2/1/1998,23895178,315959,33.94250107,-118.4079971,39.49909973,-119.7679977
LAX,RNO,Los Angeles CA,Reno NV,4608,6201,53,390,7/1/1998,23895178,315959,33.94250107,-118.4079971,39.49909973,-119.7679977
LAX,RNO,Los Angeles CA,Reno NV,1541,2440,20,390,11/1/1998,23895178,315959,33.94250107,-118.4079971,39.49909973,-119.7679977
MSP,RNO,Minneapolis MN,Reno NV,3924,4619,31,1406,2/1/1998,2830434,315959,44.88199997,-93.22180176,39.49909973,-119.7679977
LAX,RNO,Los Angeles CA,Reno NV,6842,10823,79,390,2/1/1998,23895178,315959,33.94250107,-118.4079971,39.49909973,-119.7679977
MSP,RNO,Minneapolis MN,Reno NV,3694,4172,28,1406,8/1/1998,2830434,315959,44.88199997,-93.22180176,39.49909973,-119.7679977
MSP,RNO,Minneapolis MN,Reno NV,1919,4500,30,1406,11/1/1998,2830434,315959,44.88199997,-93.22180176,39.49909973,-119.7679977
MSP,RNO,Minneapolis MN,Reno NV,3071,4650,31,1406,7/1/1998,2830434,315959,44.88199997,-93.22180176,39.49909973,-119.7679977
MSP,RNO,Minneapolis MN,Reno NV,4208,4619,31,1406,7/1/1998,2830434,315959,44.88199997,-93.22180176,39.49909973,-119.7679977
MSP,RNO,Minneapolis MN,Reno NV,2909,4050,27,1406,8/1/1998,2830434,315959,44.88199997,-93.22180176,39.49909973,-119.7679977
LAX,RNO,Los Angeles CA,Reno NV,49,122,1,390,2/1/1998,23895178,315959,33.94250107,-118.4079971,39.49909973,-119.7679977
MSP,RNO,Minneapolis MN,Reno NV,3361,4050,27,1406,3/1/1998,2830434,315959,44.88199997,-93.22180176,39.49909973,-119.7679977
MSP,RNO,Minneapolis MN,Reno NV,3321,4650,31,1406,4/1/1998,2830434,315959,44.88199997,-93.22180176,39.49909973,-119.7679977
MSP,RNO,Minneapolis MN,Reno NV,1082,2250,15,1406,9/1/1998,2830434,315959,44.88199997,-93.22180176,39.49909973,-119.7679977
MSP,RNO,Minneapolis MN,Reno NV,1003,1490,10,1406,9/1/1998,2830434,315959,44.88199997,-93.22180176,39.49909973,-119.7679977
LAX,RNO,Los Angeles CA,Reno NV,5,134,1,390,10/1/1998,23895178,315959,33.94250107,-118.4079971,39.49909973,-119.7679977
LAX,RNO,Los Angeles CA,Reno NV,1612,3050,25,390,10/1/1998,23895178,315959,33.94250107,-118.4079971,39.49909973,-119.7679977
LAX,RNO,Los Angeles CA,Reno NV,3946,9042,66,390,10/1/1998,23895178,315959,33.94250107,-118.4079971,39.49909973,-119.7679977
LAX,RNO,Los Angeles CA,Reno NV,8036,14000,100,390,10/1/1998,23895178,315959,33.94250107,-118.4079971,39.49909973,-119.7679977
LAX,RNO,Los Angeles CA,Reno NV,1667,3552,24,390,10/1/1998,23895178,315959,33.94250107,-118.4079971,39.49909973,-119.7679977
LAX,RNO,Los Angeles CA,Reno NV,40,122,1,390,8/1/1998,23895178,315959,33.94250107,-118.4079971,39.49909973,-119.7679977
LAX,RNO,Los Angeles CA,Reno NV,8655,12604,92,390,8/1/1998,23895178,315959,33.94250107,-118.4079971,39.49909973,-119.7679977
LAX,RNO,Los Angeles CA,Reno NV,12437,19320,138,390,8/1/1998,23895178,315959,33.94250107,-118.4079971,39.49909973,-119.7679977
LAX,RNO,Los Angeles CA,Reno NV,453,592,4,390,8/1/1998,23895178,315959,33.94250107,-118.4079971,39.49909973,-119.7679977
LAX,RNO,Los Angeles CA,Reno NV,2516,3861,33,390,10/1/1998,23895178,315959,33.94250107,-118.4079971,39.49909973,-119.7679977
LAX,RNO,Los Angeles CA,Reno NV,5134,6903,59,390,8/1/1998,23895178,315959,33.94250107,-118.4079971,39.49909973,-119.7679977
LAX,RNO,Los Angeles CA,Reno NV,7884,12056,88,390,3/1/1998,23895178,315959,33.94250107,-118.4079971,39.49909973,-119.7679977
LAX,RNO,Los Angeles CA,Reno NV,38,122,1,390,3/1/1998,23895178,315959,33.94250107,-118.4079971,39.49909973,-119.7679977
LAX,RNO,Los Angeles CA,Reno NV,118,122,1,390,10/1/1998,23895178,315959,33.94250107,-118.4079971,39.49909973,-119.7679977
MSP,RNO,Minneapolis MN,Reno NV,4563,5066,34,1406,3/1/1998,2830434,315959,44.88199997,-93.22180176,39.49909973,-119.7679977
LAX,RNO,Los Angeles CA,Reno NV,9453,15540,111,390,3/1/1998,23895178,315959,33.94250107,-118.4079971,39.49909973,-119.7679977
LAX,RNO,Los Angeles CA,Reno NV,5968,8541,73,390,3/1/1998,23895178,315959,33.94250107,-118.4079971,39.49909973,-119.7679977
SAT,RNO,San Antonio TX,Reno NV,6,150,1,1391,12/1/1998,1650418,315959,29.53370094,-98.46980286,39.49909973,-119.7679977
MSP,RNO,Minneapolis MN,Reno NV,2729,5100,34,1406,1/1/1998,2830434,315959,44.88199997,-93.22180176,39.49909973,-119.7679977
MSP,RNO,Minneapolis MN,Reno NV,3827,4321,29,1406,6/1/1998,2830434,315959,44.88199997,-93.22180176,39.49909973,-119.7679977
LAX,RNO,Los Angeles CA,Reno NV,312,592,4,390,3/1/1998,23895178,315959,33.94250107,-118.4079971,39.49909973,-119.7679977
MSP,RNO,Minneapolis MN,Reno NV,2249,4650,31,1406,10/1/1998,2830434,315959,44.88199997,-93.22180176,39.49909973,-119.7679977
MSP,RNO,Minneapolis MN,Reno NV,2976,4350,29,1406,6/1/1998,2830434,315959,44.88199997,-93.22180176,39.49909973,-119.7679977
LAX,RNO,Los Angeles CA,Reno NV,6765,11782,86,390,1/1/1998,23895178,315959,33.94250107,-118.4079971,39.49909973,-119.7679977
MSP,RNO,Minneapolis MN,Reno NV,3781,4619,31,1406,10/1/1998,2830434,315959,44.88199997,-93.22180176,39.49909973,-119.7679977
MSP,RNO,Minneapolis MN,Reno NV,133,190,1,1406,4/1/1998,2830434,315959,44.88199997,-93.22180176,39.49909973,-119.7679977
LAX,RNO,Los Angeles CA,Reno NV,7944,12741,93,390,7/1/1998,23895178,315959,33.94250107,-118.4079971,39.49909973,-119.7679977
MSP,RNO,Minneapolis MN,Reno NV,2639,3874,26,1406,11/1/1998,2830434,315959,44.88199997,-93.22180176,39.49909973,-119.7679977
IAD,RNO,Washington DC,Reno NV,188,206,1,2249,12/1/1998,9079986,315959,38.94449997,-77.45580292,39.49909973,-119.7679977
MCI,RNO,Kansas City MO,Reno NV,34,137,1,1336,2/1/1998,1795891,315959,39.2976,-94.713898,39.49909973,-119.7679977
MCI,RNO,Kansas City MO,Reno NV,130,142,1,1336,12/1/1998,1795891,315959,39.2976,-94.713898,39.49909973,-119.7679977
MCI,RNO,Kansas City MO,Reno NV,132,140,1,1336,7/1/1998,1795891,315959,39.2976,-94.713898,39.49909973,-119.7679977
ORD,RNO,Chicago IL,Reno NV,5156,5616,48,1671,7/1/1998,17529224,315959,41.97859955,-87.90480042,39.49909973,-119.7679977
ATL,RNO,Atlanta GA,Reno NV,1827,3552,24,1993,3/1/1998,3872031,315959,33.63669968,-84.42810059,39.49909973,-119.7679977
ATL,RNO,Atlanta GA,Reno NV,382,585,5,1993,3/1/1998,3872031,315959,33.63669968,-84.42810059,39.49909973,-119.7679977
ATL,RNO,Atlanta GA,Reno NV,74,140,1,1993,3/1/1998,3872031,315959,33.63669968,-84.42810059,39.49909973,-119.7679977
ORD,RNO,Chicago IL,Reno NV,568,702,6,1671,11/1/1998,17529224,315959,41.97859955,-87.90480042,39.49909973,-119.7679977
ORD,RNO,Chicago IL,Reno NV,6434,11200,78,1671,11/1/1998,17529224,315959,41.97859955,-87.90480042,39.49909973,-119.7679977
ORD,RNO,Chicago IL,Reno NV,7050,10920,78,1671,10/1/1998,17529224,315959,41.97859955,-87.90480042,39.49909973,-119.7679977
ORD,RNO,Chicago IL,Reno NV,905,1170,10,1671,10/1/1998,17529224,315959,41.97859955,-87.90480042,39.49909973,-119.7679977
ATL,RNO,Atlanta GA,Reno NV,108,117,1,1993,6/1/1998,3872031,315959,33.63669968,-84.42810059,39.49909973,-119.7679977
ATL,RNO,Atlanta GA,Reno NV,266,280,2,1993,6/1/1998,3872031,315959,33.63669968,-84.42810059,39.49909973,-119.7679977
ATL,RNO,Atlanta GA,Reno NV,210,296,2,1993,2/1/1998,3872031,315959,33.63669968,-84.42810059,39.49909973,-119.7679977
ORD,RNO,Chicago IL,Reno NV,4937,7140,51,1671,9/1/1998,17529224,315959,41.97859955,-87.90480042,39.49909973,-119.7679977
ORD,RNO,Chicago IL,Reno NV,3561,4563,39,1671,9/1/1998,17529224,315959,41.97859955,-87.90480042,39.49909973,-119.7679977
ORD,RNO,Chicago IL,Reno NV,1924,2960,20,1671,9/1/1998,17529224,315959,41.97859955,-87.90480042,39.49909973,-119.7679977
ATL,RNO,Atlanta GA,Reno NV,3240,3996,27,1993,6/1/1998,3872031,315959,33.63669968,-84.42810059,39.49909973,-119.7679977
ORD,RNO,Chicago IL,Reno NV,4490,6808,46,1671,8/1/1998,17529224,315959,41.97859955,-87.90480042,39.49909973,-119.7679977
ORD,RNO,Chicago IL,Reno NV,4550,5382,46,1671,8/1/1998,17529224,315959,41.97859955,-87.90480042,39.49909973,-119.7679977
ORD,RNO,Chicago IL,Reno NV,2243,3080,22,1671,8/1/1998,17529224,315959,41.97859955,-87.90480042,39.49909973,-119.7679977
ORD,RNO,Chicago IL,Reno NV,4804,6556,44,1671,7/1/1998,17529224,315959,41.97859955,-87.90480042,39.49909973,-119.7679977
ORD,RNO,Chicago IL,Reno NV,2817,3360,24,1671,7/1/1998,17529224,315959,41.97859955,-87.90480042,39.49909973,-119.7679977
ATL,RNO,Atlanta GA,Reno NV,288,585,5,1993,5/1/1998,3872031,315959,33.63669968,-84.42810059,39.49909973,-119.7679977
ATL,RNO,Atlanta GA,Reno NV,187,420,3,1993,5/1/1998,3872031,315959,33.63669968,-84.42810059,39.49909973,-119.7679977
ATL,RNO,Atlanta GA,Reno NV,1258,3256,22,1993,5/1/1998,3872031,315959,33.63669968,-84.42810059,39.49909973,-119.7679977
ORD,RNO,Chicago IL,Reno NV,3010,3500,25,1671,6/1/1998,17529224,315959,41.97859955,-87.90480042,39.49909973,-119.7679977
ORD,RNO,Chicago IL,Reno NV,5184,6956,47,1671,6/1/1998,17529224,315959,41.97859955,-87.90480042,39.49909973,-119.7679977
ORD,RNO,Chicago IL,Reno NV,3270,3510,30,1671,6/1/1998,17529224,315959,41.97859955,-87.90480042,39.49909973,-119.7679977
ORD,RNO,Chicago IL,Reno NV,4925,7548,51,1671,5/1/1998,17529224,315959,41.97859955,-87.90480042,39.49909973,-119.7679977
ORD,RNO,Chicago IL,Reno NV,3637,5180,37,1671,5/1/1998,17529224,315959,41.97859955,-87.90480042,39.49909973,-119.7679977
ORD,RNO,Chicago IL,Reno NV,107,108,1,1671,12/1/1998,17529224,315959,41.97859955,-87.90480042,39.49909973,-119.7679977
ORD,RNO,Chicago IL,Reno NV,85,126,1,1671,12/1/1998,17529224,315959,41.97859955,-87.90480042,39.49909973,-119.7679977
ORD,RNO,Chicago IL,Reno NV,284,288,2,1671,12/1/1998,17529224,315959,41.97859955,-87.90480042,39.49909973,-119.7679977
ORD,RNO,Chicago IL,Reno NV,7925,11900,85,1671,12/1/1998,17529224,315959,41.97859955,-87.90480042,39.49909973,-119.7679977
ORD,RNO,Chicago IL,Reno NV,557,585,5,1671,12/1/1998,17529224,315959,41.97859955,-87.90480042,39.49909973,-119.7679977
MDW,RNO,Chicago IL,Reno NV,144,218,1,1680,5/1/1998,17529224,315959,41.7859993,-87.75240326,39.49909973,-119.7679977
ORD,RNO,Chicago IL,Reno NV,3931,4900,35,1671,3/1/1998,17529224,315959,41.97859955,-87.90480042,39.49909973,-119.7679977
ORD,RNO,Chicago IL,Reno NV,5883,7844,53,1671,3/1/1998,17529224,315959,41.97859955,-87.90480042,39.49909973,-119.7679977
ORD,RNO,Chicago IL,Reno NV,4905,7252,49,1671,4/1/1998,17529224,315959,41.97859955,-87.90480042,39.49909973,-119.7679977
ORD,RNO,Chicago IL,Reno NV,3731,5180,37,1671,4/1/1998,17529224,315959,41.97859955,-87.90480042,39.49909973,-119.7679977
ATL,RNO,Atlanta GA,Reno NV,85,182,1,1993,8/1/1998,3872031,315959,33.63669968,-84.42810059,39.49909973,-119.7679977
ORD,RNO,Chicago IL,Reno NV,7813,10360,70,1671,2/1/1998,17529224,315959,41.97859955,-87.90480042,39.49909973,-119.7679977
ATL,RNO,Atlanta GA,Reno NV,1426,3108,21,1993,4/1/1998,3872031,315959,33.63669968,-84.42810059,39.49909973,-119.7679977
ATL,RNO,Atlanta GA,Reno NV,263,468,4,1993,4/1/1998,3872031,315959,33.63669968,-84.42810059,39.49909973,-119.7679977
ATL,RNO,Atlanta GA,Reno NV,352,700,5,1993,4/1/1998,3872031,315959,33.63669968,-84.42810059,39.49909973,-119.7679977
ORD,RNO,Chicago IL,Reno NV,3686,6020,43,1671,1/1/1998,17529224,315959,41.97859955,-87.90480042,39.49909973,-119.7679977
ORD,RNO,Chicago IL,Reno NV,168,234,2,1671,1/1/1998,17529224,315959,41.97859955,-87.90480042,39.49909973,-119.7679977
ORD,RNO,Chicago IL,Reno NV,3307,6216,42,1671,1/1/1998,17529224,315959,41.97859955,-87.90480042,39.49909973,-119.7679977
ATL,RNO,Atlanta GA,Reno NV,752,1043,7,1993,7/1/1998,3872031,315959,33.63669968,-84.42810059,39.49909973,-119.7679977
DTW,RNO,Detroit MI,Reno NV,979,1540,11,1903,4/1/1998,8944948,315959,42.21239853,-83.35340118,39.49909973,-119.7679977
DTW,RNO,Detroit MI,Reno NV,66,140,1,1903,5/1/1998,8944948,315959,42.21239853,-83.35340118,39.49909973,-119.7679977
DTW,RNO,Detroit MI,Reno NV,1304,2240,16,1903,3/1/1998,8944948,315959,42.21239853,-83.35340118,39.49909973,-119.7679977
DTW,RNO,Detroit MI,Reno NV,194,351,3,1903,5/1/1998,8944948,315959,42.21239853,-83.35340118,39.49909973,-119.7679977
DTW,RNO,Detroit MI,Reno NV,3775,4350,29,1903,12/1/1998,8944948,315959,42.21239853,-83.35340118,39.49909973,-119.7679977
DTW,RNO,Detroit MI,Reno NV,611,1260,9,1903,1/1/1998,8944948,315959,42.21239853,-83.35340118,39.49909973,-119.7679977
DTW,RNO,Detroit MI,Reno NV,1125,1989,17,1903,2/1/1998,8944948,315959,42.21239853,-83.35340118,39.49909973,-119.7679977
DTW,RNO,Detroit MI,Reno NV,5686,7461,51,1903,5/1/1998,8944948,315959,42.21239853,-83.35340118,39.49909973,-119.7679977
DTW,RNO,Detroit MI,Reno NV,5128,7785,57,1903,1/1/1998,8944948,315959,42.21239853,-83.35340118,39.49909973,-119.7679977
DTW,RNO,Detroit MI,Reno NV,404,840,6,1903,2/1/1998,8944948,315959,42.21239853,-83.35340118,39.49909973,-119.7679977
DTW,RNO,Detroit MI,Reno NV,5404,6556,44,1903,6/1/1998,8944948,315959,42.21239853,-83.35340118,39.49909973,-119.7679977
DTW,RNO,Detroit MI,Reno NV,1112,1989,17,1903,1/1/1998,8944948,315959,42.21239853,-83.35340118,39.49909973,-119.7679977
DTW,RNO,Detroit MI,Reno NV,4202,6999,55,1903,11/1/1998,8944948,315959,42.21239853,-83.35340118,39.49909973,-119.7679977
DTW,RNO,Detroit MI,Reno NV,5536,8836,61,1903,10/1/1998,8944948,315959,42.21239853,-83.35340118,39.49909973,-119.7679977
DTW,RNO,Detroit MI,Reno NV,5000,6504,48,1903,2/1/1998,8944948,315959,42.21239853,-83.35340118,39.49909973,-119.7679977
DTW,RNO,Detroit MI,Reno NV,5888,7602,58,1903,3/1/1998,8944948,315959,42.21239853,-83.35340118,39.49909973,-119.7679977
DTW,RNO,Detroit MI,Reno NV,1353,2831,19,1903,9/1/1998,8944948,315959,42.21239853,-83.35340118,39.49909973,-119.7679977
DTW,RNO,Detroit MI,Reno NV,7631,8940,60,1903,7/1/1998,8944948,315959,42.21239853,-83.35340118,39.49909973,-119.7679977
DTW,RNO,Detroit MI,Reno NV,1124,1638,14,1903,3/1/1998,8944948,315959,42.21239853,-83.35340118,39.49909973,-119.7679977
DTW,RNO,Detroit MI,Reno NV,6343,7581,53,1903,4/1/1998,8944948,315959,42.21239853,-83.35340118,39.49909973,-119.7679977
DTW,RNO,Detroit MI,Reno NV,2164,3183,31,1903,12/1/1998,8944948,315959,42.21239853,-83.35340118,39.49909973,-119.7679977
DTW,RNO,Detroit MI,Reno NV,1682,2223,19,1903,4/1/1998,8944948,315959,42.21239853,-83.35340118,39.49909973,-119.7679977
DTW,RNO,Detroit MI,Reno NV,6856,7897,53,1903,8/1/1998,8944948,315959,42.21239853,-83.35340118,39.49909973,-119.7679977
IAH,RNO,Houston TX,Reno NV,253,282,2,1530,12/1/1998,4445918,315959,29.9843998,-95.34140015,39.49909973,-119.7679977
IAH,RNO,Houston TX,Reno NV,1375,1916,15,1530,12/1/1998,4445918,315959,29.9843998,-95.34140015,39.49909973,-119.7679977
SNA,RNO,Santa Ana CA,Reno NV,75,117,1,415,1/1/1998,11947589,315959,33.67570114,-117.8679962,39.49909973,-119.7679977
LAS,RNO,Las Vegas NV,Reno NV,22291,27948,204,345,7/1/1998,1161259,315959,36.08010101,-115.1520004,39.49909973,-119.7679977
SNA,RNO,Santa Ana CA,Reno NV,96,117,1,415,9/1/1998,11947589,315959,33.67570114,-117.8679962,39.49909973,-119.7679977
SAN,RNO,San Diego CA,Reno NV,103,122,1,488,12/1/1998,2766123,315959,32.73360062,-117.1900024,39.49909973,-119.7679977
SAN,RNO,San Diego CA,Reno NV,3356,5031,43,488,5/1/1998,2766123,315959,32.73360062,-117.1900024,39.49909973,-119.7679977
STL,RNO,St. Louis MO,Reno NV,3995,8136,58,1574,11/1/1998,2655631,315959,38.74869919,-90.37000275,39.49909973,-119.7679977
LAS,RNO,Las Vegas NV,Reno NV,77,113,1,345,5/1/1998,1161259,315959,36.08010101,-115.1520004,39.49909973,-119.7679977
LAS,RNO,Las Vegas NV,Reno NV,6222,8174,67,345,5/1/1998,1161259,315959,36.08010101,-115.1520004,39.49909973,-119.7679977
SAN,RNO,San Diego CA,Reno NV,545,819,7,488,12/1/1998,2766123,315959,32.73360062,-117.1900024,39.49909973,-119.7679977
LAS,RNO,Las Vegas NV,Reno NV,3044,3627,31,345,12/1/1998,1161259,315959,36.08010101,-115.1520004,39.49909973,-119.7679977
SAN,RNO,San Diego CA,Reno NV,6352,10920,78,488,12/1/1998,2766123,315959,32.73360062,-117.1900024,39.49909973,-119.7679977
LAS,RNO,Las Vegas NV,Reno NV,1134,1332,9,345,3/1/1998,1161259,315959,36.08010101,-115.1520004,39.49909973,-119.7679977
LAS,RNO,Las Vegas NV,Reno NV,12386,18480,132,345,12/1/1998,1161259,315959,36.08010101,-115.1520004,39.49909973,-119.7679977
SAN,RNO,San Diego CA,Reno NV,7032,10780,77,488,3/1/1998,2766123,315959,32.73360062,-117.1900024,39.49909973,-119.7679977
LAS,RNO,Las Vegas NV,Reno NV,2045,3780,29,345,3/1/1998,1161259,315959,36.08010101,-115.1520004,39.49909973,-119.7679977
LAS,RNO,Las Vegas NV,Reno NV,546,740,5,345,8/1/1998,1161259,315959,36.08010101,-115.1520004,39.49909973,-119.7679977
SAN,RNO,San Diego CA,Reno NV,452,585,5,488,3/1/1998,2766123,315959,32.73360062,-117.1900024,39.49909973,-119.7679977
LAS,RNO,Las Vegas NV,Reno NV,3739,4392,36,345,3/1/1998,1161259,315959,36.08010101,-115.1520004,39.49909973,-119.7679977
SNA,RNO,Santa Ana CA,Reno NV,4679,7104,48,415,8/1/1998,11947589,315959,33.67570114,-117.8679962,39.49909973,-119.7679977
SAN,RNO,San Diego CA,Reno NV,42,134,1,488,2/1/1998,2766123,315959,32.73360062,-117.1900024,39.49909973,-119.7679977
SNA,RNO,Santa Ana CA,Reno NV,117,117,1,415,6/1/1998,11947589,315959,33.67570114,-117.8679962,39.49909973,-119.7679977
SAN,RNO,San Diego CA,Reno NV,6,268,2,488,5/1/1998,2766123,315959,32.73360062,-117.1900024,39.49909973,-119.7679977
SNA,RNO,Santa Ana CA,Reno NV,351,351,3,415,7/1/1998,11947589,315959,33.67570114,-117.8679962,39.49909973,-119.7679977
SAN,RNO,San Diego CA,Reno NV,6599,11340,81,488,9/1/1998,2766123,315959,32.73360062,-117.1900024,39.49909973,-119.7679977
SAN,RNO,San Diego CA,Reno NV,1166,1638,14,488,9/1/1998,2766123,315959,32.73360062,-117.1900024,39.49909973,-119.7679977
STL,RNO,St. Louis MO,Reno NV,9189,12628,90,1574,3/1/1998,2655631,315959,38.74869919,-90.37000275,39.49909973,-119.7679977
SNA,RNO,Santa Ana CA,Reno NV,4575,8140,55,415,5/1/1998,11947589,315959,33.67570114,-117.8679962,39.49909973,-119.7679977
LAS,RNO,Las Vegas NV,Reno NV,231,244,2,345,5/1/1998,1161259,315959,36.08010101,-115.1520004,39.49909973,-119.7679977
LAS,RNO,Las Vegas NV,Reno NV,6023,8174,67,345,7/1/1998,1161259,315959,36.08010101,-115.1520004,39.49909973,-119.7679977
LAS,RNO,Las Vegas NV,Reno NV,4020,4797,41,345,5/1/1998,1161259,315959,36.08010101,-115.1520004,39.49909973,-119.7679977
LAS,RNO,Las Vegas NV,Reno NV,3045,3510,30,345,2/1/1998,1161259,315959,36.08010101,-115.1520004,39.49909973,-119.7679977
SNA,RNO,Santa Ana CA,Reno NV,4945,7140,51,415,7/1/1998,11947589,315959,33.67570114,-117.8679962,39.49909973,-119.7679977
SNA,RNO,Santa Ana CA,Reno NV,4481,7152,48,415,7/1/1998,11947589,315959,33.67570114,-117.8679962,39.49909973,-119.7679977
SNA,RNO,Santa Ana CA,Reno NV,115,117,1,415,8/1/1998,11947589,315959,33.67570114,-117.8679962,39.49909973,-119.7679977
LAS,RNO,Las Vegas NV,Reno NV,12456,19180,137,345,2/1/1998,1161259,315959,36.08010101,-115.1520004,39.49909973,-119.7679977
SAN,RNO,San Diego CA,Reno NV,7268,11760,84,488,7/1/1998,2766123,315959,32.73360062,-117.1900024,39.49909973,-119.7679977
STL,RNO,St. Louis MO,Reno NV,6880,9826,70,1574,2/1/1998,2655631,315959,38.74869919,-90.37000275,39.49909973,-119.7679977
SNA,RNO,Santa Ana CA,Reno NV,4691,7992,54,415,6/1/1998,11947589,315959,33.67570114,-117.8679962,39.49909973,-119.7679977
SNA,RNO,Santa Ana CA,Reno NV,117,117,1,415,4/1/1998,11947589,315959,33.67570114,-117.8679962,39.49909973,-119.7679977
SNA,RNO,Santa Ana CA,Reno NV,2790,4480,32,415,4/1/1998,11947589,315959,33.67570114,-117.8679962,39.49909973,-119.7679977
LAS,RNO,Las Vegas NV,Reno NV,3974,5002,41,345,2/1/1998,1161259,315959,36.08010101,-115.1520004,39.49909973,-119.7679977
SNA,RNO,Santa Ana CA,Reno NV,3635,5600,40,415,6/1/1998,11947589,315959,33.67570114,-117.8679962,39.49909973,-119.7679977
STL,RNO,St. Louis MO,Reno NV,6293,8150,58,1574,7/1/1998,2655631,315959,38.74869919,-90.37000275,39.49909973,-119.7679977
LAS,RNO,Las Vegas NV,Reno NV,285,488,4,345,2/1/1998,1161259,315959,36.08010101,-115.1520004,39.49909973,-119.7679977
LAS,RNO,Las Vegas NV,Reno NV,19372,27263,199,345,2/1/1998,1161259,315959,36.08010101,-115.1520004,39.49909973,-119.7679977
LAS,RNO,Las Vegas NV,Reno NV,421,740,5,345,5/1/1998,1161259,315959,36.08010101,-115.1520004,39.49909973,-119.7679977
LAS,RNO,Las Vegas NV,Reno NV,1576,3624,28,345,2/1/1998,1161259,315959,36.08010101,-115.1520004,39.49909973,-119.7679977
SNA,RNO,Santa Ana CA,Reno NV,4426,7696,52,415,4/1/1998,11947589,315959,33.67570114,-117.8679962,39.49909973,-119.7679977
SNA,RNO,Santa Ana CA,Reno NV,5059,8260,59,415,11/1/1998,11947589,315959,33.67570114,-117.8679962,39.49909973,-119.7679977
SNA,RNO,Santa Ana CA,Reno NV,5280,7280,52,415,8/1/1998,11947589,315959,33.67570114,-117.8679962,39.49909973,-119.7679977
SNA,RNO,Santa Ana CA,Reno NV,1780,3256,22,415,11/1/1998,11947589,315959,33.67570114,-117.8679962,39.49909973,-119.7679977
SNA,RNO,Santa Ana CA,Reno NV,363,468,4,415,11/1/1998,11947589,315959,33.67570114,-117.8679962,39.49909973,-119.7679977
SNA,RNO,Santa Ana CA,Reno NV,50,140,1,415,12/1/1998,11947589,315959,33.67570114,-117.8679962,39.49909973,-119.7679977
SNA,RNO,Santa Ana CA,Reno NV,122,122,1,415,12/1/1998,11947589,315959,33.67570114,-117.8679962,39.49909973,-119.7679977
SAN,RNO,San Diego CA,Reno NV,3069,3978,34,488,2/1/1998,2766123,315959,32.73360062,-117.1900024,39.49909973,-119.7679977
SAN,RNO,San Diego CA,Reno NV,314,468,4,488,10/1/1998,2766123,315959,32.73360062,-117.1900024,39.49909973,-119.7679977
SNA,RNO,Santa Ana CA,Reno NV,232,351,3,415,12/1/1998,11947589,315959,33.67570114,-117.8679962,39.49909973,-119.7679977
SNA,RNO,Santa Ana CA,Reno NV,5406,8260,59,415,12/1/1998,11947589,315959,33.67570114,-117.8679962,39.49909973,-119.7679977
LAS,RNO,Las Vegas NV,Reno NV,992,1287,11,345,3/1/1998,1161259,315959,36.08010101,-115.1520004,39.49909973,-119.7679977
LAS,RNO,Las Vegas NV,Reno NV,24042,31647,231,345,3/1/1998,1161259,315959,36.08010101,-115.1520004,39.49909973,-119.7679977
LAS,RNO,Las Vegas NV,Reno NV,72,113,1,345,7/1/1998,1161259,315959,36.08010101,-115.1520004,39.49909973,-119.7679977
SNA,RNO,Santa Ana CA,Reno NV,2240,3848,26,415,12/1/1998,11947589,315959,33.67570114,-117.8679962,39.49909973,-119.7679977
SNA,RNO,Santa Ana CA,Reno NV,4506,8436,57,415,3/1/1998,11947589,315959,33.67570114,-117.8679962,39.49909973,-119.7679977
LAS,RNO,Las Vegas NV,Reno NV,2012,4042,31,345,8/1/1998,1161259,315959,36.08010101,-115.1520004,39.49909973,-119.7679977
SAN,RNO,San Diego CA,Reno NV,3051,4900,35,488,4/1/1998,2766123,315959,32.73360062,-117.1900024,39.49909973,-119.7679977
LAS,RNO,Las Vegas NV,Reno NV,859,936,8,345,8/1/1998,1161259,315959,36.08010101,-115.1520004,39.49909973,-119.7679977
STL,RNO,St. Louis MO,Reno NV,5385,8136,58,1574,12/1/1998,2655631,315959,38.74869919,-90.37000275,39.49909973,-119.7679977
SAN,RNO,San Diego CA,Reno NV,3522,5460,39,488,2/1/1998,2766123,315959,32.73360062,-117.1900024,39.49909973,-119.7679977
STL,RNO,St. Louis MO,Reno NV,5139,8708,62,1574,1/1/1998,2655631,315959,38.74869919,-90.37000275,39.49909973,-119.7679977
LAS,RNO,Las Vegas NV,Reno NV,18468,25480,182,345,3/1/1998,1161259,315959,36.08010101,-115.1520004,39.49909973,-119.7679977
LAS,RNO,Las Vegas NV,Reno NV,16894,24780,177,345,8/1/1998,1161259,315959,36.08010101,-115.1520004,39.49909973,-119.7679977
SNA,RNO,Santa Ana CA,Reno NV,88,117,1,415,10/1/1998,11947589,315959,33.67570114,-117.8679962,39.49909973,-119.7679977
STL,RNO,St. Louis MO,Reno NV,7793,11818,84,1574,5/1/1998,2655631,315959,38.74869919,-90.37000275,39.49909973,-119.7679977
LAS,RNO,Las Vegas NV,Reno NV,22632,29044,212,345,8/1/1998,1161259,315959,36.08010101,-115.1520004,39.49909973,-119.7679977
SNA,RNO,Santa Ana CA,Reno NV,1931,3700,25,415,10/1/1998,11947589,315959,33.67570114,-117.8679962,39.49909973,-119.7679977
LAS,RNO,Las Vegas NV,Reno NV,5410,7564,62,345,8/1/1998,1161259,315959,36.08010101,-115.1520004,39.49909973,-119.7679977
STL,RNO,St. Louis MO,Reno NV,5840,8714,62,1574,8/1/1998,2655631,315959,38.74869919,-90.37000275,39.49909973,-119.7679977
SNA,RNO,Santa Ana CA,Reno NV,5344,8540,61,415,10/1/1998,11947589,315959,33.67570114,-117.8679962,39.49909973,-119.7679977
SAN,RNO,San Diego CA,Reno NV,3914,5499,47,488,4/1/1998,2766123,315959,32.73360062,-117.1900024,39.49909973,-119.7679977
LAS,RNO,Las Vegas NV,Reno NV,2017,3904,30,345,7/1/1998,1161259,315959,36.08010101,-115.1520004,39.49909973,-119.7679977
SNA,RNO,Santa Ana CA,Reno NV,180,234,2,415,5/1/1998,11947589,315959,33.67570114,-117.8679962,39.49909973,-119.7679977
LAS,RNO,Las Vegas NV,Reno NV,21170,27674,202,345,5/1/1998,1161259,315959,36.08010101,-115.1520004,39.49909973,-119.7679977
LAS,RNO,Las Vegas NV,Reno NV,471,596,4,345,7/1/1998,1161259,315959,36.08010101,-115.1520004,39.49909973,-119.7679977
SAN,RNO,San Diego CA,Reno NV,59,148,1,488,10/1/1998,2766123,315959,32.73360062,-117.1900024,39.49909973,-119.7679977
LAS,RNO,Las Vegas NV,Reno NV,228,244,2,345,3/1/1998,1161259,315959,36.08010101,-115.1520004,39.49909973,-119.7679977
SAN,RNO,San Diego CA,Reno NV,5738,10920,78,488,10/1/1998,2766123,315959,32.73360062,-117.1900024,39.49909973,-119.7679977
LAS,RNO,Las Vegas NV,Reno NV,1742,4112,31,345,12/1/1998,1161259,315959,36.08010101,-115.1520004,39.49909973,-119.7679977
LAS,RNO,Las Vegas NV,Reno NV,1627,3910,30,345,5/1/1998,1161259,315959,36.08010101,-115.1520004,39.49909973,-119.7679977
LAS,RNO,Las Vegas NV,Reno NV,2543,3660,30,345,12/1/1998,1161259,315959,36.08010101,-115.1520004,39.49909973,-119.7679977
LAS,RNO,Las Vegas NV,Reno NV,121,122,1,345,12/1/1998,1161259,315959,36.08010101,-115.1520004,39.49909973,-119.7679977
SAN,RNO,San Diego CA,Reno NV,3238,5600,40,488,5/1/1998,2766123,315959,32.73360062,-117.1900024,39.49909973,-119.7679977
SNA,RNO,Santa Ana CA,Reno NV,2489,4060,29,415,5/1/1998,11947589,315959,33.67570114,-117.8679962,39.49909973,-119.7679977
SNA,RNO,Santa Ana CA,Reno NV,5344,9028,61,415,1/1/1998,11947589,315959,33.67570114,-117.8679962,39.49909973,-119.7679977
SAN,RNO,San Diego CA,Reno NV,5883,10220,73,488,11/1/1998,2766123,315959,32.73360062,-117.1900024,39.49909973,-119.7679977
STL,RNO,St. Louis MO,Reno NV,6397,8430,60,1574,9/1/1998,2655631,315959,38.74869919,-90.37000275,39.49909973,-119.7679977
SAN,RNO,San Diego CA,Reno NV,507,702,6,488,11/1/1998,2766123,315959,32.73360062,-117.1900024,39.49909973,-119.7679977
STL,RNO,St. Louis MO,Reno NV,6848,8430,60,1574,6/1/1998,2655631,315959,38.74869919,-90.37000275,39.49909973,-119.7679977
SAN,RNO,San Diego CA,Reno NV,3066,4212,36,488,1/1/1998,2766123,315959,32.73360062,-117.1900024,39.49909973,-119.7679977
LAS,RNO,Las Vegas NV,Reno NV,14663,21560,154,345,5/1/1998,1161259,315959,36.08010101,-115.1520004,39.49909973,-119.7679977
SNA,RNO,Santa Ana CA,Reno NV,1725,2660,19,415,1/1/1998,11947589,315959,33.67570114,-117.8679962,39.49909973,-119.7679977
STL,RNO,St. Louis MO,Reno NV,8634,11512,82,1574,4/1/1998,2655631,315959,38.74869919,-90.37000275,39.49909973,-119.7679977
SNA,RNO,Santa Ana CA,Reno NV,645,840,6,415,2/1/1998,11947589,315959,33.67570114,-117.8679962,39.49909973,-119.7679977
LAS,RNO,Las Vegas NV,Reno NV,23769,32606,238,345,12/1/1998,1161259,315959,36.08010101,-115.1520004,39.49909973,-119.7679977
SAN,RNO,San Diego CA,Reno NV,2469,3276,28,488,8/1/1998,2766123,315959,32.73360062,-117.1900024,39.49909973,-119.7679977
SAN,RNO,San Diego CA,Reno NV,3877,6160,44,488,1/1/1998,2766123,315959,32.73360062,-117.1900024,39.49909973,-119.7679977
SAN,RNO,San Diego CA,Reno NV,7730,11760,84,488,8/1/1998,2766123,315959,32.73360062,-117.1900024,39.49909973,-119.7679977
SAN,RNO,San Diego CA,Reno NV,0,0,0,488,8/1/1998,2766123,315959,32.73360062,-117.1900024,39.49909973,-119.7679977
SAN,RNO,San Diego CA,Reno NV,398,411,3,488,12/1/1998,2766123,315959,32.73360062,-117.1900024,39.49909973,-119.7679977
SNA,RNO,Santa Ana CA,Reno NV,4671,7560,54,415,9/1/1998,11947589,315959,33.67570114,-117.8679962,39.49909973,-119.7679977
LAS,RNO,Las Vegas NV,Reno NV,18829,25620,183,345,7/1/1998,1161259,315959,36.08010101,-115.1520004,39.49909973,-119.7679977
SAN,RNO,San Diego CA,Reno NV,6416,10360,74,488,6/1/1998,2766123,315959,32.73360062,-117.1900024,39.49909973,-119.7679977
SAN,RNO,San Diego CA,Reno NV,113,148,1,488,6/1/1998,2766123,315959,32.73360062,-117.1900024,39.49909973,-119.7679977
SNA,RNO,Santa Ana CA,Reno NV,6778,10212,69,415,2/1/1998,11947589,315959,33.67570114,-117.8679962,39.49909973,-119.7679977
LAS,RNO,Las Vegas NV,Reno NV,1089,1170,10,345,7/1/1998,1161259,315959,36.08010101,-115.1520004,39.49909973,-119.7679977
SAN,RNO,San Diego CA,Reno NV,2025,2808,24,488,6/1/1998,2766123,315959,32.73360062,-117.1900024,39.49909973,-119.7679977
SAN,RNO,San Diego CA,Reno NV,2711,3744,32,488,7/1/1998,2766123,315959,32.73360062,-117.1900024,39.49909973,-119.7679977
SNA,RNO,Santa Ana CA,Reno NV,3076,5476,37,415,9/1/1998,11947589,315959,33.67570114,-117.8679962,39.49909973,-119.7679977
SNA,RNO,Santa Ana CA,Reno NV,2300,4060,29,415,3/1/1998,11947589,315959,33.67570114,-117.8679962,39.49909973,-119.7679977
STL,RNO,St. Louis MO,Reno NV,5235,8706,62,1574,10/1/1998,2655631,315959,38.74869919,-90.37000275,39.49909973,-119.7679977
CVG,RNO,Cincinnati OH,Reno NV,128,130,1,1870,4/1/1998,1978593,315959,39.04880142,-84.6678009,39.49909973,-119.7679977
SMF,RNO,Sacramento CA,Reno NV,99,137,1,113,3/1/1998,1707530,315959,38.69540024,-121.5910034,39.49909973,-119.7679977
SMF,RNO,Sacramento CA,Reno NV,83,149,1,113,3/1/1998,1707530,315959,38.69540024,-121.5910034,39.49909973,-119.7679977
